{"IcoMoonType":"selection","icons":[{"icon":{"paths":["M3547.429 0l-3486.774-0v78.769l3486.774 0.001v-78.769z","M1367.932 929.843l-1299.141-929.831-32.22 94.155 1299.134 929.833 32.227-94.157z"],"attrs":[{"fill":"rgb(12, 121, 122)"},{"fill":"rgb(12, 121, 122)"}],"width":3584,"isMulticolor":false,"isMulticolor2":false,"grid":0,"tags":["prev_button"]},"attrs":[{"fill":"rgb(12, 121, 122)"},{"fill":"rgb(12, 121, 122)"}],"properties":{"order":3,"id":0,"name":"prev_button","prevSize":32,"code":59648},"setIdx":0,"setId":3,"iconIdx":0},{"icon":{"paths":["M39.385 1024h3754.984v-78.769h-3754.984v78.769z","M2386.534 94.155l1399.075 929.837 34.698-94.161-1399.068-929.831-34.706 94.155z"],"attrs":[{},{}],"width":3860,"isMulticolor":false,"isMulticolor2":false,"grid":0,"tags":["next_button"]},"attrs":[{},{}],"properties":{"order":2,"id":0,"name":"next_button","prevSize":32,"code":59649},"setIdx":1,"setId":2,"iconIdx":0}],"height":1024,"metadata":{"name":"icomoon"},"preferences":{"showGlyphs":true,"showQuickUse":true,"showQuickUse2":true,"showSVGs":true,"fontPref":{"prefix":"icon-","metadata":{"fontFamily":"icomoon"},"metrics":{"emSize":1024,"baseline":6.25,"whitespace":50},"embed":false},"imagePref":{"prefix":"icon-","png":true,"useClassSelector":true,"color":0,"bgColor":16777215,"classSelector":".icon","name":"icomoon"},"historySize":50,"showCodes":true,"gridSize":16}}